,METEOR,BLEU,ROUGE-1,ROUGE-2,ROUGE-L,Exact Match
Baseline,0.009999689411539971,0.00029552416465183673,0.004698340096420152,0.0006967267570943621,0.004623731376414119,0.0
Fine-tuned,0.07791354531251121,0.0067012139176056635,0.045310513964396434,0.03501827613475983,0.045202981828418726,0.0
